restaurant_id,restaurant_name,avg_delivery_time_mins
REST005,Restaurant_REST005,66.72727272727273
REST006,Restaurant_REST006,64
REST004,Restaurant_REST004,59.857142857142854
REST007,Restaurant_REST007,59.38461538461539
REST002,Restaurant_REST002,58.625
REST001,Restaurant_REST001,58.166666666666664
REST003,Restaurant_REST003,57.68421052631579
REST009,Restaurant_REST009,57
REST008,Restaurant_REST008,56.285714285714285
REST010,Restaurant_REST010,47.888888888888886
